{
  "swipe": {
    "category": "block",
    "sounds": [
      {
        "name": "vizis_virus_mod:credit_card_swipe_sound_effect_hd",
        "stream": false
      }
    ]
  },
  "vendingmachinesound": {
    "category": "block",
    "sounds": [
      {
        "name": "vizis_virus_mod:vending-machine-sound-effects-premium",
        "stream": false
      }
    ]
  },
  "shoot": {
    "category": "block",
    "sounds": [
      {
        "name": "vizis_virus_mod:fire",
        "stream": false
      }
    ]
  },
  "heartbeat": {
    "category": "player",
    "sounds": [
      {
        "name": "vizis_virus_mod:heartbeat___sound_effect_high_quality_320_kbps",
        "stream": false
      }
    ]
  }
}