{
  "display": {
    "background": "minecraft:textures/block/stone.png",
    "icon": {
      "item": "vizis_virus_mod:biak_16"
    },
    "title": {
      "translate": "advancements.centum_labs.title"
    },
    "description": {
      "translate": "advancements.centum_labs.descr"
    },
    "frame": "goal",
    "show_toast": true,
    "announce_to_chat": true,
    "hidden": false
  },
  "criteria": {
    "centum_labs": {
      "trigger": "minecraft:inventory_changed",
      "conditions": {
        "items": [
          {
            "items": [
              "vizis_virus_mod:subject_pack"
            ],
            "count": {
              "min": 1,
              "max": 999999999999
            }
          }
        ]
      }
    }
  }
}