{
  "credit": "Made with Blockbench",
  "texture_size": [
    32,
    32
  ],
  "elements": [
    {
      "name": "grip",
      "from": [
        7,
        0,
        14
      ],
      "to": [
        9,
        6,
        16
      ],
      "faces": {
        "north": {
          "uv": [
            0,
            0,
            2,
            6
          ],
          "texture": "#0"
        },
        "east": {
          "uv": [
            2,
            0,
            4,
            6
          ],
          "texture": "#0"
        },
        "south": {
          "uv": [
            4,
            0,
            6,
            6
          ],
          "texture": "#0"
        },
        "west": {
          "uv": [
            0,
            6,
            2,
            12
          ],
          "texture": "#0"
        },
        "up": {
          "uv": [
            8,
            2,
            6,
            0
          ],
          "texture": "#0"
        },
        "down": {
          "uv": [
            4,
            6,
            2,
            8
          ],
          "texture": "#0"
        }
      }
    },
    {
      "name": "body",
      "from": [
        7,
        3,
        2
      ],
      "to": [
        9,
        6,
        14
      ],
      "faces": {
        "north": {
          "uv": [
            2,
            3,
            3,
            4.5
          ],
          "texture": "#1"
        },
        "east": {
          "uv": [
            0,
            0,
            6,
            1.5
          ],
          "texture": "#1"
        },
        "south": {
          "uv": [
            3,
            3,
            4,
            4.5
          ],
          "texture": "#1"
        },
        "west": {
          "uv": [
            0,
            1.5,
            6,
            3
          ],
          "texture": "#1"
        },
        "up": {
          "uv": [
            1,
            9,
            0,
            3
          ],
          "texture": "#1"
        },
        "down": {
          "uv": [
            2,
            3,
            1,
            9
          ],
          "texture": "#1"
        }
      }
    },
    {
      "name": "barrel",
      "from": [
        7.5,
        4,
        -5
      ],
      "to": [
        8.5,
        5,
        4
      ],
      "faces": {
        "north": {
          "uv": [
            0,
            15,
            1,
            16
          ],
          "texture": "#0"
        },
        "east": {
          "uv": [
            6,
            7,
            7,
            8
          ],
          "texture": "#0"
        },
        "south": {
          "uv": [
            0,
            0,
            1,
            1
          ],
          "texture": "#missing"
        },
        "west": {
          "uv": [
            15,
            0,
            16,
            1
          ],
          "texture": "#0"
        },
        "up": {
          "uv": [
            7,
            7,
            8,
            8
          ],
          "texture": "#0"
        },
        "down": {
          "uv": [
            0,
            0,
            1,
            1
          ],
          "texture": "#0"
        }
      }
    },
    {
      "name": "mag",
      "from": [
        0,
        4,
        5
      ],
      "to": [
        8,
        5,
        7
      ],
      "faces": {
        "north": {
          "uv": [
            4,
            15,
            10,
            15.5
          ],
          "texture": "#0"
        },
        "east": {
          "uv": [
            8,
            14,
            9,
            14.5
          ],
          "texture": "#missing"
        },
        "south": {
          "uv": [
            4,
            15.5,
            10,
            16
          ],
          "texture": "#0"
        },
        "west": {
          "uv": [
            9,
            14,
            10,
            14.5
          ],
          "texture": "#0"
        },
        "up": {
          "uv": [
            10,
            14,
            16,
            15
          ],
          "texture": "#0"
        },
        "down": {
          "uv": [
            10,
            15,
            16,
            16
          ],
          "texture": "#0"
        }
      }
    },
    {
      "name": "trig",
      "from": [
        7.5,
        -3,
        11
      ],
      "to": [
        8.5,
        -1,
        12
      ],
      "rotation": {
        "angle": -22.5,
        "axis": "x",
        "origin": [
          0,
          0,
          0
        ]
      },
      "faces": {
        "north": {
          "uv": [
            0,
            0,
            0.5,
            1
          ],
          "texture": "#0"
        },
        "east": {
          "uv": [
            0,
            0,
            0.5,
            1
          ],
          "texture": "#0"
        },
        "south": {
          "uv": [
            0,
            0,
            0.5,
            1
          ],
          "texture": "#0"
        },
        "west": {
          "uv": [
            0,
            0,
            0.5,
            1
          ],
          "texture": "#0"
        },
        "up": {
          "uv": [
            0,
            0,
            0.5,
            0.5
          ],
          "texture": "#0"
        },
        "down": {
          "uv": [
            0,
            0,
            0.5,
            0.5
          ],
          "texture": "#0"
        }
      }
    }
  ]
}