{
  "type": "minecraft:crafting_shaped",
  "pattern": [
    "012",
    "345"
  ],
  "key": {
    "0": {
      "item": "vizis_virus_mod:piece_of_uniformium"
    },
    "1": {
      "item": "minecraft:light_blue_dye"
    },
    "2": {
      "item": "vizis_virus_mod:piece_of_uniformium"
    },
    "3": {
      "item": "vizis_virus_mod:piece_of_uniformium"
    },
    "4": {
      "item": "vizis_virus_mod:piece_of_uniformium"
    },
    "5": {
      "item": "vizis_virus_mod:piece_of_uniformium"
    }
  },
  "result": {
    "item": "vizis_virus_mod:medic_pack",
    "count": 1
  }
}